"NBa7we src","d4r55","RfnDt","eaLgGf","hCCjke","rsqaWe","W8gobe","wiI7pd","w8nwRe","PIpr3c","fontBodySmall","fontBodySmall 2","kyuRq","dSlJg","znYl0","dSlJg 2","znYl0 2","RfDO5c","RfDO5c 2","Cw1rxd"
"https://lh3.googleusercontent.com/a/ACg8ocLJ1nggtPqIyXXF-lF27I4GMMBQcOvfgNwTTLgaVBGpec9nZg=w36-h36-p-rp-mo-ba4-br100","teradaka1","LocalÂ Guide Â· 189Â avis Â· 7Â photos","î—”","î ¸","il y a 6Â jours","Nouveau","Cela peut Ãªtre diffÃ©rent selon les jours, mais c'Ã©tait un plat lÃ©ger.
Le menu est peut-Ãªtre un peu Ã©laborÃ©, mais non seulement il vous surprend, mais il offre Ã©galement une rondeur gustative. â€¦","Plus","VisitÃ© en janvier","Traduit par Google","ãƒ»","Voir l'original (en japonais)","î£œ","J'aime","î ","Partager","","",""
"https://lh3.googleusercontent.com/a-/ALV-UjUFN-a6ZokK2eaPAufqBLphKxHpYS5zKsYzj7pQB32IdvpWmOA=w36-h36-p-rp-mo-ba5-br100","yu wang","LocalÂ Guide Â· 60Â avis Â· 972Â photos","î—”","î ¸","il y a 6Â jours","Nouveau","Paris trois Ã©toiles Michelin
Le Gabriel
Le seul nouveau restaurant trois Ã©toiles de Paris au palmarÃ¨s 2024 des â€¦","Plus","VisitÃ© en dÃ©cembre 2024","Traduit par Google","ãƒ»","Voir l'original (en chinois)","î£œ","J'aime","î ","Partager","","",""
"https://lh3.googleusercontent.com/a/ACg8ocI_bPd4xV4Q8tBunRUMsm418rkI0smbKkeRz9Kc43uASeMVOg=w36-h36-p-rp-mo-ba3-br100","Mark Yeung","LocalÂ Guide Â· 34Â avis Â· 103Â photos","î—”","î ¸","il y a une semaine","Nouveau","Nous avons pris le menu Ã  3 plats et malheureusement aucun des plats ne nous a vraiment impressionnÃ©s. Les amuse-bouche et les entrÃ©es sont trÃ¨s moyens. En tant que voyageur frÃ©quent au Japon et amoureux de sa culture culinaire, j'ai â€¦","Plus","VisitÃ© en dÃ©cembre 2024","Traduit par Google","ãƒ»","Voir l'original (en anglais)","î£œ","","î ","Partager","","",""
"https://lh3.googleusercontent.com/a/ACg8ocLdNY3X8mwkJshBtkpeehBpSZk98vOs7Jj86yvxhros_XaSsA=w36-h36-p-rp-mo-br100","france kulbach","1Â avis","î—”","î ¸","il y a une semaine","Nouveau","","Plus","VisitÃ© en janvier","","","","î£œ","J'aime","î ","Partager",": 5","Cuisine",""
"https://lh3.googleusercontent.com/a-/ALV-UjVX14uq3e9Ez7MchSHZ66pSDxUlCuPNj3b5IE6qqQdhi_Fve6JN=w36-h36-p-rp-mo-ba3-br100","StÃ©phane BONARDOT","LocalÂ Guide Â· 29Â avis","î—”","î ¸","il y a 2Â semaines","Nouveau","Â« Un peu moins de truffes et un peu plus dâ€™Ã¢me ! Â» ; tel est mon cri du cÅ“ur aprÃ¨s un dÃ®ner au Gabriel.
Il ne manque que peu de choses pour quâ€™un repas au Gabriel atteigne la â€¦","Plus","VisitÃ© en dÃ©cembre 2024","","","","î£œ","J'aime","î ","Partager","","",""
"https://lh3.googleusercontent.com/a/ACg8ocJWuyQUVf1u_oLbI-fo_MTR-WJPhaykW2-op5OmlEWWKHTaJQ=w36-h36-p-rp-mo-ba2-br100","Carlos Langle","LocalÂ Guide Â· 17Â avis Â· 2Â photos","î—”","î ¸","il y a 3Â semaines","Nouveau","Ma femme et moi avons visitÃ© Le Gabriel Ã  Paris pour un dÃ®ner de NoÃ«l, nous attendant Ã  vivre une expÃ©rience impeccable qui accompagne une rÃ©putation de trois Ã©toiles Michelin. Le menu Ã©tait soigneusement prÃ©parÃ© avec du pigeon ramier avec â€¦","Plus","VisitÃ© en dÃ©cembre 2024","Traduit par Google","ãƒ»","Voir l'original (en anglais)","î£œ","J'aime","î ","Partager","","",""
"https://lh3.googleusercontent.com/a/ACg8ocJdNaxDi4BVVdwBWyRaz4V8K3xE_H2aqZP0kdTA5zYi9mdnLA=w36-h36-p-rp-mo-ba3-br100","Fernando Alvarez","LocalÂ Guide Â· 8Â avis","î—”","î ¸","il y a un mois","","DÃ©coration Ã©lÃ©gante digne d'un restaurant 3 Ã©toiles Michelin.
Merveilleuse surprise.","Plus","VisitÃ© en dÃ©cembre 2024","Traduit par Google","ãƒ»","Voir l'original (en espagnol)","î£œ","J'aime","î ","Partager",":â€¦","Cuisine",""
"https://lh3.googleusercontent.com/a/ACg8ocIkQnyEJzXIxSxvgBWy0ZchKSKfkwKfwDrv-k8z-DZWMOlQmQ=w36-h36-p-rp-mo-ba4-br100","Martin MD","LocalÂ Guide Â· 144Â avis Â· 177Â photos","î—”","î ¸","il y a un mois","","Nous avons visitÃ© ce digne restaurant pour le dÃ©jeuner et avons choisi le menu Â« Escale Â» : l'amuse-bouche et chacun des 5 plats Ã©taient tout simplement parfaits, la terrine de gibier, le colvert de canard et le dessert au kiwi au sabayon de chartreuse Ã©taient Ã  tomber par terre. Quel merveilleux repas !","Plus","VisitÃ© en dÃ©cembre 2024","Traduit par Google","ãƒ»","Voir l'original (en allemand)","î£œ","J'aime","î ","Partager","","",""
"https://lh3.googleusercontent.com/a-/ALV-UjVrOHUrm16LKU_SHZCQRRFU4rPr5HTEXXtWlxWQbsKL9QL45C0j=w36-h36-p-rp-mo-ba4-br100","ARTYOS","LocalÂ Guide Â· 27Â avis Â· 232Â photos","î—”","î ¸","il y a un mois","","Un grand dÃ®ner mÃ©morable","Plus","VisitÃ© en octobre 2024","Traduit par Google","ãƒ»","Voir l'original (en anglais)","î£œ","J'aime","î ","Partager","Service","Repas sur placeâ€¦",""
"https://lh3.googleusercontent.com/a-/ALV-UjVCn__pnICIo06XwyMzq5nlM7TT4q-YdlTCBO2_BR4tiMXHlec=w36-h36-p-rp-mo-br100","Sarl Lmtexpress","1Â avis","î—”","î ¸","il y a un mois","","Tout Ã©tait parfait, lâ€™accueil, la salle de restaurant oÃ¹ lâ€™on se sent bien, parce que de taille humaine, trÃ¨s belle dÃ©coration, les plats extraordinaires en prÃ©sentation, en goÃ»t, le rÃ©gal des papilles, le service au top, la gentillesse des â€¦","Plus","VisitÃ© en novembre 2024","","","","î£œ","J'aime","î ","Partager","","",""
"","","","","","","","","","","","","","","","","","","","î• "
"","","","","","","","","","","","","","","","","","","","î¢¶"
"","","","","","","","","","","","","","","","","","","","î…¤"
"","","","","","","","","","","","","","","","","","","",""
"","","","","","","","","","","","","","","","","","","",""
"","","","","","","","","","","","","","","","","","","",""
"","","","","","","","","","","","","","","","","","","",""
"","","","","","","","","","","","","","","","","","","",""
"","","","","","","","","","","","","","","","","","","",""
"","","","","","","","","","","","","","","","","","","",""
"","","","","","","","","","","","","","","","","","","",""
"","","","","","","","","","","","","","","","","","","",""
"","","","","","","","","","","","","","","","","","","",""
"","","","","","","","","","","","","","","","","","","",""
"","","","","","","","","","","","","","","","","","","",""
"https://lh3.googleusercontent.com/a/ACg8ocJ9baw4oOAIHkBkCd7x-evUjpoVDLeWXnoKEgecI8XnW8B3IA=w36-h36-p-rp-mo-ba4-br100","Flower Child","LocalÂ Guide Â· 100Â avis Â· 422Â photos","î—”","î ¸","il y a un mois","","Un sans faute. Tout Ã©tait parfait et dÃ©licieux du dÃ©but Ã  la fin. Le cadre trÃ¨s chaleureux, le balet des plats qui sâ€™enchaÃ®nent sans attente. Le service trÃ¨s sympathique. On se sent Ã  lâ€™aise. Le menu en 9 services est gargantuesque mais exceptionnel. On a adorÃ©.","Plus","VisitÃ© en octobre 2024","","","","î£œ","J'aime","î ","Partager","","",""
"https://lh3.googleusercontent.com/a-/ALV-UjVnD55WCBg5SEX84V2DKBKghgKlLQajz-ETfrIrFmWogZeQPD3N=w36-h36-p-rp-mo-br100","Savitri Boodadoo","","î—”","î ¸","il y a un mois","","","Plus","VisitÃ© en novembre 2024","","","","î£œ","J'aime","î ","Partager",": 5","Cuisine",""
"https://lh3.googleusercontent.com/a-/ALV-UjVzgA0wxSR7SWG83kZIXECG70haJa1H2YggeWs9UMX269UBDeNj=w36-h36-p-rp-mo-ba2-br100","Theophile Picard","LocalÂ Guide Â· 11Â avis Â· 3Â photos","î—”","î ¸","il y a un mois","","Tout Ã©tait au top!... J'Ã©tais de serveur moi mÃªme Ã  Paris et pour connaÃ®tre l'envers du dÃ©cor, c'est trÃ¨s bien structurÃ©,la cuisine vous fait voyager, le service est assez dÃ©contractÃ© sans pour autant Ãªtre familier.
Si vous Ãªtes de passage Ã  Paris, adresse incontournable...","Plus","VisitÃ© en novembre 2024","","","","î£œ","J'aime","î ","Partager","","",""
"https://lh3.googleusercontent.com/a/ACg8ocIN90Kz_2iJrEzthCyDCMoTU-tSGa4RO3ap8p6-8NF0ajfCDQ=w36-h36-p-rp-mo-br100","Maruis Nauraud","","î—”","î ¸","il y a un mois","","","","VisitÃ© en novembre 2024","","","","","","","","","",""
"https://lh3.googleusercontent.com/a-/ALV-UjVBm4vxzdnoLexidHoMthcvDogkjuqB5X9stdpeLIAh5dp_vQza=w36-h36-p-rp-mo-br100","Mamadou Sow","","î—”","î ¸","il y a un mois","","","Plus","VisitÃ© en novembre 2024","","","","î£œ","J'aime","î ","Partager","Service","Repas sur placeâ€¦",""
"https://lh3.googleusercontent.com/a/ACg8ocJq74BjnP8Zj4gFlKqz4wqh2ENrB8TUCZ9CuZC3Gl4ijDh1aOJP=w36-h36-p-rp-mo-br100","Soumare Soule","1Â avis","î—”","î ¸","il y a un mois","","","Plus","VisitÃ© en novembre 2024","","","","î£œ","J'aime","î ","Partager",": 5","Cuisine",""
"https://lh3.googleusercontent.com/a-/ALV-UjXiyX3dBE6V9FsYpxnB46_-dtluiaReOE11pkm2rWmhWvgxnOI=w36-h36-p-rp-mo-br100","Marion COLLE","1Â avis","î—”","î ¸","il y a un mois","","Super endroit! Tout est bon, le personnel est accueillant et trÃ¨s sympathique. J ai adorÃ©! Je reviendrai!","Plus","VisitÃ© en novembre 2024","","","","î£œ","J'aime","î ","Partager","","",""
"https://lh3.googleusercontent.com/a/ACg8ocL4-XjlfWXmEhEH_FGyKSyu5RLUFHTkJsY6AOfZop2rp35Ggw=w36-h36-p-rp-mo-ba3-br100","Ruei-Yao Sun","LocalÂ Guide Â· 31Â avis","î—”","î ¸","il y a un mois","","Les trois Ã©toiles Michelin sont bien mÃ©ritÃ©es. Le service et la nourriture sont trÃ¨s satisfaisants.","Plus","VisitÃ© en septembre 2024","Traduit par Google","ãƒ»","Voir l'original (en anglais)","î£œ","J'aime","î ","Partager","Sâ€¦","",""
"https://lh3.googleusercontent.com/a-/ALV-UjVMrbvGbAy3_WM_HzYazQqnqxUnVxUSCwhosXfX72kbsbd7gIQMHQ=w36-h36-p-rp-mo-ba3-br100","Sebastian Strugala","LocalÂ Guide Â· 23Â avis Â· 9Â photos","î—”","î ¸","il y a 2Â mois","","","Plus","VisitÃ© en novembre 2024","","","","î£œ","J'aime","î ","Partager",": 5","Cuisine",""
"https://lh3.googleusercontent.com/a/ACg8ocL-yz-6akNR0m6NimCZyWI1YU01I9vLM8tMCvUHPhHecdExSw=w36-h36-p-rp-mo-ba2-br100","Tom Fesna","LocalÂ Guide Â· 24Â avis Â· 2Â photos","î—”","î ¸","il y a 2Â mois","","Le service est irrÃ©prochable, flirtant avec la perfection â€“ chaque geste est prÃ©cis, chaque attention dÃ©licate. Leur enthousiasme et l'authenticitÃ© transforment leur rÃ´le en vÃ©ritable passion partagÃ©e. Leur plaisir de recevoir se ressent Ã  â€¦","Plus","VisitÃ© en novembre 2024","","","","î£œ","J'aime","î ","Partager","","",""
"https://lh3.googleusercontent.com/a/ACg8ocLbVvd_xlwrl2pI_5BTRdoxBq9ECgovuPnDUOcjbXOnY5V5oQ=w36-h36-p-rp-mo-ba4-br100","Kevin Vullkain","LocalÂ Guide Â· 231Â avis Â· 98Â photos","î—”","î ¸","il y a 2Â mois","","Tous simplement exceptionnel !!
Service au top, millimÃ©trÃ©, certains serveurs ont fait quelques blagues pour Ã©viter cet aspect trop ""guindÃ©"", on a apprÃ©ciÃ©. â€¦","Plus","VisitÃ© en novembre 2024","","","","î£œ","","î ","Partager","","",""
"https://lh3.googleusercontent.com/a-/ALV-UjW8WH96wHIhiRePMSpQAQyOEoU-SfK5qdVSZU6EgfKqUPoPEdY=w36-h36-p-rp-mo-br100","å­™é©°åŸ","","î—”","î ¸","il y a 2Â mois","","","Plus","VisitÃ© en novembre 2024","","","","î£œ","J'aime","î ","Partager","Service","Repas sur placeâ€¦",""
"https://lh3.googleusercontent.com/a/ACg8ocICAC7dqZoUxqe_S7mhMMjGqMmj1ceWbS550c0hWA-ofToKww=w36-h36-p-rp-mo-ba6-br100","Vivian Cheng","LocalÂ Guide Â· 142Â avis Â· 2â€¯110Â photos","î—”","î ¸","il y a 2Â mois","","Un dÃ©jeuner impeccable avec une grande attention aux dÃ©tails.  Vraiment digne de trois Ã©toiles.","Plus","VisitÃ© en novembre 2024","Traduit par Google","ãƒ»","Voir l'original (en anglais)","î£œ","J'aime","î ","Partager","â€¦","Cuisine",""
"https://lh3.googleusercontent.com/a/ACg8ocKBIhdgyUEuFpfKdCaXfsQ92YsrK3UDiqmb-eH8M_lnX7hjU24=w36-h36-p-rp-mo-br100","Pierre Spadaro","10Â avis","î—”","î ¸","il y a 2Â mois","","Bonne cuisine avec le sourire.","Plus","VisitÃ© en novembre 2024","","","","î£œ","J'aime","î ","Partager","Service","Repas sur placeâ€¦",""
"https://lh3.googleusercontent.com/a-/ALV-UjVzWfHi8NBBF3mzGYJzx6IZeYDwl0aPztRrBtS02qEp2O_h7Ow=w36-h36-p-rp-mo-br100","gary","1Â photo","î—”","î ¸","il y a 2Â mois","","","Plus","VisitÃ© en novembre 2024","","","","î£œ","J'aime","î ","Partager",": 5","Cuisine",""
"https://lh3.googleusercontent.com/a-/ALV-UjWHC0QvZURJ7Ilkj6LOaRyhsrR9jJ1DEKsMUis-gtax_66vOO9h=w36-h36-p-rp-mo-br100","Yousse Alamine","25Â avis","î—”","î ¸","il y a 2Â mois","","Accueil et qualitÃ© de la gastronomie proposer succulent bravo merci encore .","Plus","VisitÃ© en novembre 2024","","","","î£œ","J'aime","î ","Partager",": 5â€¦","Cuisine",""
"https://lh3.googleusercontent.com/a-/ALV-UjW5yYZjM77jkEtWvRbkm6UY1VL9hQYXPQc_17YtnXaO0DywgZkzWQ=w36-h36-p-rp-mo-ba4-br100","MÃ©lanie Leventakis","LocalÂ Guide Â· 33Â avis Â· 115Â photos","î—”","î ¸","il y a 2Â mois","","La meilleure expÃ©rience culinaire que jâ€™ai eu jusquâ€™Ã  prÃ©sent.","Plus","VisitÃ© en octobre 2024","","","","î£œ","J'aime","î ","Partager","Service","Râ€¦",""
"https://lh3.googleusercontent.com/a/ACg8ocK9zTAWdXOqocKVU0NoOSS2weOuPJ6Don9ZVFDzN8a2ro5ycw=w36-h36-p-rp-mo-br100","Ray","3Â avis Â· 1Â photo","î—”","î ¸","il y a 2Â mois","","","Plus","VisitÃ© en octobre 2024","","","","î£œ","J'aime","î ","Partager","Service","Repas sur placeâ€¦",""
"https://lh3.googleusercontent.com/a/ACg8ocKR4btEMaYCS9QhrDECbwofVTdYxZlKITYJKaTWQlVUFO1VVg=w36-h36-p-rp-mo-br100","Lawrence Wibisono","3Â avis","î—”","î ¸","il y a 2Â mois","","","","VisitÃ© en octobre 2024","","","","","","","","","",""
"https://lh3.googleusercontent.com/a-/ALV-UjVDZ5Wpb8JVV1jNIICZ4yBgv47aCwnJF23lJ2piBQ_iqYGcmkCa=w36-h36-p-rp-mo-br100","Milenko Veljkovic","","î—”","î ¸","il y a 3Â mois","","","","VisitÃ© en octobre 2024","","","","","","","","","",""
"https://lh3.googleusercontent.com/a/ACg8ocKfMlpsncUtEykbuCyvL92bO1Gt2aRvNsXtg7q__sLffUIibA=w36-h36-p-rp-mo-br100","hakan kizilirmak","6Â avis Â· 1Â photo","î—”","î ¸","il y a 3Â mois","","","","VisitÃ© en octobre 2024","","","","","","","","","",""
"https://lh3.googleusercontent.com/a-/ALV-UjXvK8JErxVLaiieHWK1R31m0U8SwA3iBTBrOYqwCTAVTR6lsVKH=w36-h36-p-rp-mo-ba4-br100","Frederic De Bernonville","LocalÂ Guide Â· 101Â avis Â· 16Â photos","î—”","î ¸","il y a 3Â mois","","De la sortie du taxi jusqu'au dÃ©part de l'hÃ´tel ainsi que le bar et le restaurant vraiment parfait ğŸ‘
Une Ã©quipe parfaite â€¦","Plus","VisitÃ© en octobre 2024","","","","î£œ","J'aime","î ","Partager","","",""
"https://lh3.googleusercontent.com/a/ACg8ocJsbhXdF9fLc8TCWA_o9E63AdfAxIeiM7HhLLt4rTKdVYIReDQ5=w36-h36-p-rp-mo-ba2-br100","Marta Zuluaga","LocalÂ Guide Â· 5Â avis Â· 1Â photo","î—”","î ¸","il y a 3Â mois","","ExpÃ©rience inestimable !!","Plus","VisitÃ© en octobre 2024","Traduit par Google","ãƒ»","Voir l'original (en anglais)","î£œ","J'aime","î ","Partager","Service","Repas sur placeâ€¦",""
"https://lh3.googleusercontent.com/a-/ALV-UjUaNYe3qiRn23y2WqQSFAqlGX96oQJTgW6U1DqDbqUe6OtBrn9OBg=w36-h36-p-rp-mo-ba3-br100","linda coulombel","LocalÂ Guide Â· 45Â avis","î—”","î ¸","il y a 3Â mois","","","Plus","VisitÃ© en octobre 2024","","","","î£œ","J'aime","î ","Partager",": 5","Cuisine",""
"https://lh3.googleusercontent.com/a-/ALV-UjVErXEmpSY5gqkYJt5lyhENiVzf2edme5ce3RfEnyO8yHPgAzEe=w36-h36-p-rp-mo-ba4-br100","Harouna Chamsoudine","LocalÂ Guide Â· 40Â avis Â· 420Â photos","î—”","î ¸","il y a 3Â mois","","Manager, dÃ©gage le faim","","VisitÃ© en septembre 2024","","","","î£œ","","î ","Partager",": 5","Cuisine",""
"https://lh3.googleusercontent.com/a/ACg8ocLPS4KyNanr54Sp3QGPc5NXLyi-2Ozrz0GEw80HCEjHHr-lrg=w36-h36-p-rp-mo-br100","Olivia Lee","11Â avis Â· 20Â photos","î—”","î ¸","il y a 4Â mois","","Le meilleur du meilleur. Ce fut un privilÃ¨ge de pouvoir goÃ»ter leur nourriture. Leur service est personnel et Ã©lÃ©gant. J'y retournerais sans hÃ©siter.","Plus","VisitÃ© en juillet 2023","Traduit par Google","ãƒ»","Voir l'original (en anglais)","î£œ","J'aime","î ","Partager","","",""
"https://lh3.googleusercontent.com/a/ACg8ocIscM-wgP6Vum81NlhC9mzN__NOWk0wpTgE6BqNzudPtvGAiA=w36-h36-p-rp-mo-br100","Liang Eric","4Â avis Â· 5Â photos","î—”","î ¸","il y a 4Â mois","","Ce restaurant ne rÃ©pond pas aux standards d'un Ã©tablissement 3 Ã©toiles Michelin, et je doute mÃªme qu'il puisse prÃ©tendre Ã  1 Ã©toile. J'ai pris le menu du dÃ©jeuner Ã  5 plats et, dans l'ensemble, l'expÃ©rience a Ã©tÃ© dÃ©cevante. L'huÃ®tre n'Ã©tait â€¦","Plus","VisitÃ© en septembre 2024","Traduit par Google","ãƒ»","Voir l'original (en anglais)","î£œ","J'aime","î ","Partager","","",""
"https://lh3.googleusercontent.com/a/ACg8ocJSqQ5GGE7XNmOvr38GHV41vygx8HS_7VYEYUO1EJYXFBrEwA=w36-h36-p-rp-mo-ba2-br100","Wang Qi","LocalÂ Guide Â· 9Â avis Â· 1Â photo","î—”","î ¸","il y a 4Â mois","","","Plus","VisitÃ© en septembre 2024","","","","î£œ","J'aime","î ","Partager",": 5","Cuisine",""
"https://lh3.googleusercontent.com/a/ACg8ocJhde-0pLO9COVspDbrBXBo78QemaPLMSEMdOLREc_NgMGZPg=w36-h36-p-rp-mo-ba3-br100","Luting Li","LocalÂ Guide Â· 39Â avis Â· 37Â photos","î—”","î ¸","il y a 4Â mois","","Un bon voyage avec le chef JÃ©rÃ´me ^^","Plus","VisitÃ© en septembre 2024","Traduit par Google","ãƒ»","Voir l'original (en anglais)","î£œ","J'aime","î ","Partager","Type de repas","DÃ©jeunerâ€¦",""
"https://lh3.googleusercontent.com/a-/ALV-UjWGNswohTGsnhiPnX2nmSnedTf5z40QObUCD-PzVcyMPmb_AceRcQ=w36-h36-p-rp-mo-ba3-br100","Jack Lee","LocalÂ Guide Â· 12Â avis Â· 24Â photos","î—”","î ¸","il y a 4Â mois","","Pas aussi bon que ce Ã  quoi je m'attendais, surtout pour un restaurant Michelin trois Ã©toiles. Les aspects qui me dÃ©Ã§oivent (par rapport Ã  d'autres restaurants trois Ã©toiles) incluent son service mÃ©diocre.","Plus","VisitÃ© en aoÃ»t 2024","Traduit par Google","ãƒ»","Voir l'original (en anglais)","î£œ","J'aime","î ","Partager","","",""
"https://lh3.googleusercontent.com/a-/ALV-UjV8pLf1EoN09N3XiO6wnEjAaXdBZRS1lXUq0AQpH_-QwSKav8M=w36-h36-p-rp-mo-ba4-br100","Nadia W","LocalÂ Guide Â· 112Â avis Â· 247Â photos","î—”","î ¸","il y a 5Â mois","","L'ambiance et le service sont tous deux excellents. La langouste est dÃ©licieuse, mais la plupart des assaisonnements du dÃ©jeuner sont acides. Je ne comprends pas pourquoi elle est associÃ©e comme Ã§a.","Plus","VisitÃ© en aoÃ»t 2024","Traduit par Google","ãƒ»","Voir l'original (en chinois)","î£œ","J'aime","î ","Partager","","",""
"https://lh3.googleusercontent.com/a/ACg8ocILBCrV0YJeW4TmHsOfTRkjI-hz9o8mM_nVNX0gWFxJr2zhRg=w36-h36-p-rp-mo-ba5-br100","Der Gourmet Freund & Hobbykoch","LocalÂ Guide Â· 244Â avis Â· 1â€¯183Â photos","î—”","î ¸","il y a 5Â mois","","TrÃ¨s savoureux chic, restaurant bar","Plus","VisitÃ© en aoÃ»t 2024","Traduit par Google","ãƒ»","Voir l'original (en allemand)","î£œ","J'aime","î ","Partager",": 5â€¦","Cuisine",""
"https://lh3.googleusercontent.com/a/ACg8ocIfJpXJEfrkYVlYqS8LoMBc4Vf34e7ZmKSPCjGdZy0t6DJjKA=w36-h36-p-rp-mo-ba3-br100","emma birch","LocalÂ Guide Â· 29Â avis Â· 1Â photo","î—”","î ¸","il y a 5Â mois","","Cuisine franÃ§aise moderne, avec des plats uniques comme les pÃ¢tes Ã  l'encre de seiche et au caviar. Le tout servi dans une grande salle Ã  manger traditionnelle. Personnel trÃ¨s arrangeant.","Plus","VisitÃ© en aoÃ»t 2024","Traduit par Google","ãƒ»","Voir l'original (en anglais)","î£œ","J'aime","î ","Partager","","",""
"https://lh3.googleusercontent.com/a-/ALV-UjUWty3YaDLNNd696PHTSVUmTydb-Mjz0njknvI7VjR9W2rAlLU9IA=w36-h36-p-rp-mo-ba5-br100","Wee Khim Lee","LocalÂ Guide Â· 343Â avis Â· 758Â photos","î—”","î ¸","il y a 5Â mois","","DÃ®ner mÃ©morable avec toute la famille avec le menu dÃ©gustation de 7 plats. La nourriture Ã©tait accompagnÃ©e d'un livret expliquant l'inspiration derriÃ¨re les plats, qui Ã©taient une combinaison de cuisine franÃ§aise (britannique) et â€¦","Plus","VisitÃ© en aoÃ»t 2024","Traduit par Google","ãƒ»","Voir l'original (en anglais)","î£œ","J'aime","î ","Partager","","",""
"https://lh3.googleusercontent.com/a-/ALV-UjX44B2dFUCv4ZacJNLwqD4LkkmfFZF8B3yAQmh5y86e3RBDXV97XA=w36-h36-p-rp-mo-ba6-br100","Chantal Boullet","LocalÂ Guide Â· 63Â avis Â· 2â€¯827Â photos","î—”","î ¸","il y a 5Â mois","","Bravo au chef un vrai delice
Le service etait parfait avec beaucoup d Ã©coute
TrÃ¨s agrÃ©able moment
Nous reviendrons bientÃ´t","Plus","VisitÃ© en aoÃ»t 2024","","","","î£œ","J'aime","î ","Partager","","",""
"https://lh3.googleusercontent.com/a-/ALV-UjVXlL_6M1NbvAhzcD9wVMBVlYpCTVBg8O3Ideogtt0MsY7J2w63=w36-h36-p-rp-mo-br100","Yueezhuuu","20Â avis Â· 22Â photos","î—”","î ¸","il y a 5Â mois","","","Plus","VisitÃ© en aoÃ»t 2024","","","","î£œ","J'aime","î ","Partager","Service","Repas sur placeâ€¦",""
"https://lh3.googleusercontent.com/a/ACg8ocLQRL7wWU2z3xC0sqSolD9Yfb-d4Q-7r_8PX886VqS7iMYLJlw=w36-h36-p-rp-mo-ba4-br100","T","LocalÂ Guide Â· 49Â avis Â· 139Â photos","î—”","î ¸","il y a 5Â mois","","Pour un restaurant trois Ã©toiles Michelin, il y a beaucoup plus Ã  dÃ©sirer. Le service Ã©tait correct, la nourriture Ã©tait bonne mais pas au niveau d'un Â«trois Ã©toilesÂ» ni au prix. Le serveur anglais du restaurant peut apprendre des FranÃ§ais â€¦","Plus","VisitÃ© en aoÃ»t 2024","Traduit par Google","ãƒ»","Voir l'original (en anglais)","î£œ","","î ","Partager","","",""
"https://lh3.googleusercontent.com/a-/ALV-UjWCZv5V2fsr0ov9ReMY9j2NT-Ae7GNwwucIWdj69XhQJPtQGfbW-A=w36-h36-p-rp-mo-ba3-br100","Mathieu HACHEMKHANI","LocalÂ Guide Â· 38Â avis","î—”","î ¸","il y a 5Â mois","","Quelle expÃ©rience exceptionnelle !
J'ai optÃ© pour le menu ""Le PÃ©riple"" en 9 services, et je dois dire que chaque plat Ã©tait une rÃ©vÃ©lation culinaire. â€¦","Plus","VisitÃ© en juillet 2024","","","","î£œ","J'aime","î ","Partager","","",""
"https://lh3.googleusercontent.com/a-/ALV-UjXa2kGbtnmyYEV_dX11k35Gkx_kWRK3s_lnj_PJeW6Rhdbv23p6=w36-h36-p-rp-mo-ba5-br100","Olivier Miotto","LocalÂ Guide Â· 218Â avis","î—”","î ¸","il y a 5Â mois","","Une magnifique adresse.
Un menu sans faute et parfois surprenant, un service aux petits soins, un cadre calme et agrÃ©able, tout est fait pour vous faire vivre la meilleur expÃ©rience possible.","Plus","VisitÃ© en juillet 2024","","","","î£œ","J'aime","î ","Partager","","",""
"https://lh3.googleusercontent.com/a-/ALV-UjXGnbE1-1iOD3kcwL19cnnPkQVB5S3uXBnywZXGPpD-X05tl4A=w36-h36-p-rp-mo-ba4-br100","Roman Heinrichs","LocalÂ Guide Â· 75Â avis Â· 244Â photos","î—”","î ¸","il y a 6Â mois","","Merveilleux dÃ©jeuner dans le nouveau restaurant 3 Ã©toiles Michelin de Paris. SituÃ© dans le magnifique hÃ´tel La Reserve, nous avons eu un excellent dÃ©jeuner en dÃ©gustant certains des meilleurs plats classiques du chef. Le service est â€¦","Plus","VisitÃ© en juillet 2024","Traduit par Google","ãƒ»","Voir l'original (en anglais)","î£œ","","î ","Partager","","",""
"https://lh3.googleusercontent.com/a-/ALV-UjVuiRDeEgDNA9-uvj6NaF-_klzPFhug97r5Whx1aMikZgfLXO_9=w36-h36-p-rp-mo-br100","Rajesh Gopi","","î—”","î ¸","il y a 6Â mois","","","Plus","VisitÃ© en juillet 2024","","","","î£œ","J'aime","î ","Partager",": 5","Cuisine",""
"https://lh3.googleusercontent.com/a/ACg8ocKvsoUUsZ4pONZzjtlTGDN2Alm1bGi-ZAWZVBqLJyvevSQ7oQ=w36-h36-p-rp-mo-ba5-br100","Chung-Tao Hsieh","LocalÂ Guide Â· 120Â avis Â· 837Â photos","î—”","î ¸","il y a 6Â mois","","Il mÃ©rite les 3 Ã©toiles sans aucun doute. Notre dÃ®ner Ã©tait trÃ¨s agrÃ©able avec le service attentionnÃ© Ã©galement 3 Ã©toiles!","Plus","VisitÃ© en juillet 2024","","","","î£œ","J'aime","î ","Partager","","",""
"https://lh3.googleusercontent.com/a-/ALV-UjUONQqQyy1WozlxBKaf0Fx-EdX2oEJc9GijEZak3HXEPbCziaj24w=w36-h36-p-rp-mo-ba5-br100","Pak Alatak","LocalÂ Guide Â· 262Â avis Â· 353Â photos","î—”","î ¸","il y a 6Â mois","","TrÃ¨s heureux d'avoir Ã©tÃ© invitÃ© dans ce restaurant, la plupart des mets Ã©taient excellents et les vins de mÃªme. On comprend vite que ce que l'on voit n'est pas forcÃ©ment l'entiÃ¨retÃ© du plat et qu'il peut se cacher une surprise dedans. Service trÃ¨s attentionnÃ©, la personne Ã  l'accueil trÃ¨s amicale et agrÃ©able, ne changez rien.","Plus","VisitÃ© en juillet 2024","","","","î£œ","J'aime","î ","Partager","","",""
"https://lh3.googleusercontent.com/a-/ALV-UjUs0RYP5m4ILVYvC_x5xrkDWHiJquKBWb9JsOzi82DH2C4FubE=w36-h36-p-rp-mo-ba3-br100","Nina","LocalÂ Guide Â· 20Â avis Â· 127Â photos","î—”","î ¸","il y a 6Â mois","","Excellent!!","Plus","VisitÃ© en juillet 2024","","","","î£œ","J'aime","î ","Partager","Type de repas","DÃ©jeunerâ€¦",""
"https://lh3.googleusercontent.com/a/ACg8ocLmQIuVSzpgYWAAKYkeQLwAePFrcl0d0heoDLb3SjU7Vc3q8g=w36-h36-p-rp-mo-ba5-br100","Thierry Gontier","LocalÂ Guide Â· 416Â avis Â· 3Â photos","î—”","î ¸","il y a 6Â mois","","Salle peu inspirante de restaurant de grand hÃ´tel. Service assez impersonnel.
Une spÃ©cialitÃ© du chef (depuis notre visite passÃ© Ã  trois Ã©toiles au Michelin) sont les lÃ©gumes marinÃ©s Ã  la chaux et en gÃ©nÃ©ral laquÃ©s, effectivement trÃ¨s â€¦","Plus","VisitÃ© en fÃ©vrier 2024","","","","î£œ","J'aime","î ","Partager","","",""
"https://lh3.googleusercontent.com/a-/ALV-UjU2CM6kyg79Ry4tHgimUIihN01SU1AxkvdY5KkW4u2X98ZDkOMV=w36-h36-p-rp-mo-ba6-br100","Daniela Quinones","LocalÂ Guide Â· 355Â avis Â· 2â€¯261Â photos","î—”","î ¸","il y a 6Â mois","","Endroit surfait. Nous nous sommes assis dehors dans le salon/rue pour prendre du bon champagne, mais nous avons Ã©tÃ© obligÃ©s de nous asseoir au restaurant plus tard pour pouvoir prendre l'apÃ©ritif. Ã€ lâ€™intÃ©rieur du restaurant, les prix sont â€¦","Plus","VisitÃ© en juin 2024","Traduit par Google","ãƒ»","Voir l'original (en anglais)","î£œ","J'aime","î ","Partager","","",""
"https://lh3.googleusercontent.com/a-/ALV-UjU-SFUZaN1Q7KkmmYXy_0WTlVkfotNHdRmMgRwYX5QTZQhdtlIq=w36-h36-p-rp-mo-ba2-br100","Jean-Christophe Linder","LocalÂ Guide Â· 21Â avis Â· 17Â photos","î—”","î ¸","il y a 6Â mois","","Endroit extraordinaire aussi bien pour sa cuisine que son service personnalisÃ©. Jâ€™y suis allÃ© 2x en 2 mois tellement jâ€™ai aimÃ©","Plus","VisitÃ© en juin 2024","","","","î£œ","J'aime","î ","Partager","","",""
"https://lh3.googleusercontent.com/a-/ALV-UjWMu1dSRWzP35sw8ZaPQh214yHWfaOdp3VUCUz34VTQQIAFDw=w36-h36-p-rp-mo-br100","djogo tube","","î—”","î ¸","il y a 6Â mois","","","Plus","VisitÃ© en juin 2024","","","","î£œ","J'aime","î ","Partager",": 5","Cuisine",""
"https://lh3.googleusercontent.com/a/ACg8ocKdp7AucFX6UP0xATQA_XRhUGDK8eSwskE4NDTpi5tahtgPZw=w36-h36-p-rp-mo-ba3-br100","Olivier LP","LocalÂ Guide Â· 42Â avis","î—”","î ¸","il y a 6Â mois","","","Plus","VisitÃ© en juin 2024","","","","î£œ","J'aime","î ","Partager","Service","Repas sur placeâ€¦",""
"https://lh3.googleusercontent.com/a/ACg8ocJw4wCiA3HRNA5vaWoPXYpu42Lkp8JXBurSZqQD765-QuPBfQ=w36-h36-p-rp-mo-ba3-br100","Tdm","LocalÂ Guide Â· 43Â avis Â· 5Â photos","î—”","î ¸","il y a 7Â mois","","VoilÃ  rien Ã  dire tout est parfait le Chef Banctel n'a jamais Ã©tÃ© aussi fort, je l'avais connu chez Lucas Carton mais il a pris une autre dimension. Tout est juste, les cuissons, les rÃ©ductions, il y a pas de triche et  c'est gÃ©nÃ©reux. Le â€¦","Plus","VisitÃ© en juillet 2023","","","","î£œ","J'aime","î ","Partager","","",""